Columns,n,type,mean,std,min,25%,50%,75%,max,value 1,value 2,value 3,value 4,value 5,freq 1,freq 2,freq 3,freq 4,freq 5,freq others,freq NA
userid,28395602,int64,34771.4788184,19853.8154631,2.0,17427.0,34946.0,52293.0,69494.0,34458,38670,3628,16729,64709,33972,30039,20300,19965,19711,28271615,0
tm_encode_2,28395602,object,,,,,,,,2157-10,2157-11,2157-09,2157-08,2157-12,4117167,3545468,2946500,2296208,2286999,13203260,0
browse_data,28395602,int64,110.856221326,55.7499093551,1.0,50.0,118.0,164.0,216.0,118,173,45,38,50,2064706,1922739,1816805,1777994,1765227,19048131,0
browse_tag,28395602,int64,3.68784190594,2.91961592662,1.0,1.0,4.0,6.0,11.0,1,4,7,5,6,13358095,4278938,2987662,2436857,2178955,3155095,0
