Columns,n,type,mean,std,min,25%,50%,75%,max,value 1,value 2,value 3,value 4,value 5,freq 1,freq 2,freq 3,freq 4,freq 5,freq others,freq NA
userid,6446606,int64,18047.50688,17688.91194,1,4340,11937,25582,69094,36347,21524,664,53240,47380,10515,5357,5221,4452,4330,6416731,0
tm_encode,6446606,object,,,,,,,,2157/5/12,2157/5/28,2157/8/27,2157/8/14,2157/8/16,60127,28667,28380,23752,23731,6281949,0
trade_type,6446606,int64,0.716817966,0.450544117,0,0,1,1,1,1,0,,,,4621043,1825563,,,,0,0
trade_amount,6446606,float64,11.9598362,2.570500562,2.344542,10.537813,12.14723,13.756664,23.36958,11.454088,12.14723,13.063517,13.756664,12.552693,501141,361078,320353,296988,208252,4758794,0
salary_tag,6446606,int64,0.006003934,0.077252108,0,0,0,0,1,0,1,,,,6407901,38705,,,,0,0
